AppID,RefNo,PolicyID,LifeID,QuoteID,DOB
341bba42-0e9d-434f-a2ee-3553f8500323,PTS00323,c31edde9-ac56-4120-a96e-5439e4700323,d024fdcf-96d3-465e-b13f-e157ac400323,95224332-5a6f-4c4d-84ef-2778fed00323,1960-07-20
341bba42-0e9d-434f-a2ee-3553f8500324,PTS00324,c31edde9-ac56-4120-a96e-5439e4700324,d024fdcf-96d3-465e-b13f-e157ac400324,95224332-5a6f-4c4d-84ef-2778fed00324,1960-07-21
341bba42-0e9d-434f-a2ee-3553f8500325,PTS00325,c31edde9-ac56-4120-a96e-5439e4700325,d024fdcf-96d3-465e-b13f-e157ac400325,95224332-5a6f-4c4d-84ef-2778fed00325,1960-07-22
341bba42-0e9d-434f-a2ee-3553f8500326,PTS00326,c31edde9-ac56-4120-a96e-5439e4700326,d024fdcf-96d3-465e-b13f-e157ac400326,95224332-5a6f-4c4d-84ef-2778fed00326,1960-07-23
341bba42-0e9d-434f-a2ee-3553f8500327,PTS00327,c31edde9-ac56-4120-a96e-5439e4700327,d024fdcf-96d3-465e-b13f-e157ac400327,95224332-5a6f-4c4d-84ef-2778fed00327,1960-07-24
341bba42-0e9d-434f-a2ee-3553f8500328,PTS00328,c31edde9-ac56-4120-a96e-5439e4700328,d024fdcf-96d3-465e-b13f-e157ac400328,95224332-5a6f-4c4d-84ef-2778fed00328,1960-07-25
341bba42-0e9d-434f-a2ee-3553f8500329,PTS00329,c31edde9-ac56-4120-a96e-5439e4700329,d024fdcf-96d3-465e-b13f-e157ac400329,95224332-5a6f-4c4d-84ef-2778fed00329,1960-07-26
341bba42-0e9d-434f-a2ee-3553f8500330,PTS00330,c31edde9-ac56-4120-a96e-5439e4700330,d024fdcf-96d3-465e-b13f-e157ac400330,95224332-5a6f-4c4d-84ef-2778fed00330,1960-07-27
341bba42-0e9d-434f-a2ee-3553f8500331,PTS00331,c31edde9-ac56-4120-a96e-5439e4700331,d024fdcf-96d3-465e-b13f-e157ac400331,95224332-5a6f-4c4d-84ef-2778fed00331,1960-07-28
341bba42-0e9d-434f-a2ee-3553f8500332,PTS00332,c31edde9-ac56-4120-a96e-5439e4700332,d024fdcf-96d3-465e-b13f-e157ac400332,95224332-5a6f-4c4d-84ef-2778fed00332,1960-07-29
341bba42-0e9d-434f-a2ee-3553f8500333,PTS00333,c31edde9-ac56-4120-a96e-5439e4700333,d024fdcf-96d3-465e-b13f-e157ac400333,95224332-5a6f-4c4d-84ef-2778fed00333,1960-07-30
341bba42-0e9d-434f-a2ee-3553f8500334,PTS00334,c31edde9-ac56-4120-a96e-5439e4700334,d024fdcf-96d3-465e-b13f-e157ac400334,95224332-5a6f-4c4d-84ef-2778fed00334,1960-07-31
341bba42-0e9d-434f-a2ee-3553f8500335,PTS00335,c31edde9-ac56-4120-a96e-5439e4700335,d024fdcf-96d3-465e-b13f-e157ac400335,95224332-5a6f-4c4d-84ef-2778fed00335,1960-08-01
341bba42-0e9d-434f-a2ee-3553f8500336,PTS00336,c31edde9-ac56-4120-a96e-5439e4700336,d024fdcf-96d3-465e-b13f-e157ac400336,95224332-5a6f-4c4d-84ef-2778fed00336,1960-08-02
341bba42-0e9d-434f-a2ee-3553f8500337,PTS00337,c31edde9-ac56-4120-a96e-5439e4700337,d024fdcf-96d3-465e-b13f-e157ac400337,95224332-5a6f-4c4d-84ef-2778fed00337,1960-08-03
341bba42-0e9d-434f-a2ee-3553f8500338,PTS00338,c31edde9-ac56-4120-a96e-5439e4700338,d024fdcf-96d3-465e-b13f-e157ac400338,95224332-5a6f-4c4d-84ef-2778fed00338,1960-08-04
341bba42-0e9d-434f-a2ee-3553f8500339,PTS00339,c31edde9-ac56-4120-a96e-5439e4700339,d024fdcf-96d3-465e-b13f-e157ac400339,95224332-5a6f-4c4d-84ef-2778fed00339,1960-08-05
341bba42-0e9d-434f-a2ee-3553f8500340,PTS00340,c31edde9-ac56-4120-a96e-5439e4700340,d024fdcf-96d3-465e-b13f-e157ac400340,95224332-5a6f-4c4d-84ef-2778fed00340,1960-08-06
341bba42-0e9d-434f-a2ee-3553f8500341,PTS00341,c31edde9-ac56-4120-a96e-5439e4700341,d024fdcf-96d3-465e-b13f-e157ac400341,95224332-5a6f-4c4d-84ef-2778fed00341,1960-08-07
341bba42-0e9d-434f-a2ee-3553f8500342,PTS00342,c31edde9-ac56-4120-a96e-5439e4700342,d024fdcf-96d3-465e-b13f-e157ac400342,95224332-5a6f-4c4d-84ef-2778fed00342,1960-08-08
341bba42-0e9d-434f-a2ee-3553f8500343,PTS00343,c31edde9-ac56-4120-a96e-5439e4700343,d024fdcf-96d3-465e-b13f-e157ac400343,95224332-5a6f-4c4d-84ef-2778fed00343,1960-08-09
341bba42-0e9d-434f-a2ee-3553f8500344,PTS00344,c31edde9-ac56-4120-a96e-5439e4700344,d024fdcf-96d3-465e-b13f-e157ac400344,95224332-5a6f-4c4d-84ef-2778fed00344,1960-08-10
341bba42-0e9d-434f-a2ee-3553f8500345,PTS00345,c31edde9-ac56-4120-a96e-5439e4700345,d024fdcf-96d3-465e-b13f-e157ac400345,95224332-5a6f-4c4d-84ef-2778fed00345,1960-08-11
341bba42-0e9d-434f-a2ee-3553f8500346,PTS00346,c31edde9-ac56-4120-a96e-5439e4700346,d024fdcf-96d3-465e-b13f-e157ac400346,95224332-5a6f-4c4d-84ef-2778fed00346,1960-08-12
341bba42-0e9d-434f-a2ee-3553f8500347,PTS00347,c31edde9-ac56-4120-a96e-5439e4700347,d024fdcf-96d3-465e-b13f-e157ac400347,95224332-5a6f-4c4d-84ef-2778fed00347,1960-08-13
341bba42-0e9d-434f-a2ee-3553f8500348,PTS00348,c31edde9-ac56-4120-a96e-5439e4700348,d024fdcf-96d3-465e-b13f-e157ac400348,95224332-5a6f-4c4d-84ef-2778fed00348,1960-08-14
341bba42-0e9d-434f-a2ee-3553f8500349,PTS00349,c31edde9-ac56-4120-a96e-5439e4700349,d024fdcf-96d3-465e-b13f-e157ac400349,95224332-5a6f-4c4d-84ef-2778fed00349,1960-08-15
341bba42-0e9d-434f-a2ee-3553f8500350,PTS00350,c31edde9-ac56-4120-a96e-5439e4700350,d024fdcf-96d3-465e-b13f-e157ac400350,95224332-5a6f-4c4d-84ef-2778fed00350,1960-08-16
341bba42-0e9d-434f-a2ee-3553f8500351,PTS00351,c31edde9-ac56-4120-a96e-5439e4700351,d024fdcf-96d3-465e-b13f-e157ac400351,95224332-5a6f-4c4d-84ef-2778fed00351,1960-08-17
341bba42-0e9d-434f-a2ee-3553f8500352,PTS00352,c31edde9-ac56-4120-a96e-5439e4700352,d024fdcf-96d3-465e-b13f-e157ac400352,95224332-5a6f-4c4d-84ef-2778fed00352,1960-08-18
341bba42-0e9d-434f-a2ee-3553f8500353,PTS00353,c31edde9-ac56-4120-a96e-5439e4700353,d024fdcf-96d3-465e-b13f-e157ac400353,95224332-5a6f-4c4d-84ef-2778fed00353,1960-08-19
341bba42-0e9d-434f-a2ee-3553f8500354,PTS00354,c31edde9-ac56-4120-a96e-5439e4700354,d024fdcf-96d3-465e-b13f-e157ac400354,95224332-5a6f-4c4d-84ef-2778fed00354,1960-08-20
341bba42-0e9d-434f-a2ee-3553f8500355,PTS00355,c31edde9-ac56-4120-a96e-5439e4700355,d024fdcf-96d3-465e-b13f-e157ac400355,95224332-5a6f-4c4d-84ef-2778fed00355,1960-08-21
341bba42-0e9d-434f-a2ee-3553f8500356,PTS00356,c31edde9-ac56-4120-a96e-5439e4700356,d024fdcf-96d3-465e-b13f-e157ac400356,95224332-5a6f-4c4d-84ef-2778fed00356,1960-08-22
341bba42-0e9d-434f-a2ee-3553f8500357,PTS00357,c31edde9-ac56-4120-a96e-5439e4700357,d024fdcf-96d3-465e-b13f-e157ac400357,95224332-5a6f-4c4d-84ef-2778fed00357,1960-08-23
341bba42-0e9d-434f-a2ee-3553f8500358,PTS00358,c31edde9-ac56-4120-a96e-5439e4700358,d024fdcf-96d3-465e-b13f-e157ac400358,95224332-5a6f-4c4d-84ef-2778fed00358,1960-08-24
341bba42-0e9d-434f-a2ee-3553f8500359,PTS00359,c31edde9-ac56-4120-a96e-5439e4700359,d024fdcf-96d3-465e-b13f-e157ac400359,95224332-5a6f-4c4d-84ef-2778fed00359,1960-08-25
341bba42-0e9d-434f-a2ee-3553f8500360,PTS00360,c31edde9-ac56-4120-a96e-5439e4700360,d024fdcf-96d3-465e-b13f-e157ac400360,95224332-5a6f-4c4d-84ef-2778fed00360,1960-08-26
341bba42-0e9d-434f-a2ee-3553f8500361,PTS00361,c31edde9-ac56-4120-a96e-5439e4700361,d024fdcf-96d3-465e-b13f-e157ac400361,95224332-5a6f-4c4d-84ef-2778fed00361,1960-08-27
341bba42-0e9d-434f-a2ee-3553f8500362,PTS00362,c31edde9-ac56-4120-a96e-5439e4700362,d024fdcf-96d3-465e-b13f-e157ac400362,95224332-5a6f-4c4d-84ef-2778fed00362,1960-08-28
341bba42-0e9d-434f-a2ee-3553f8500363,PTS00363,c31edde9-ac56-4120-a96e-5439e4700363,d024fdcf-96d3-465e-b13f-e157ac400363,95224332-5a6f-4c4d-84ef-2778fed00363,1960-08-29
341bba42-0e9d-434f-a2ee-3553f8500364,PTS00364,c31edde9-ac56-4120-a96e-5439e4700364,d024fdcf-96d3-465e-b13f-e157ac400364,95224332-5a6f-4c4d-84ef-2778fed00364,1960-08-30
341bba42-0e9d-434f-a2ee-3553f8500365,PTS00365,c31edde9-ac56-4120-a96e-5439e4700365,d024fdcf-96d3-465e-b13f-e157ac400365,95224332-5a6f-4c4d-84ef-2778fed00365,1960-08-31
341bba42-0e9d-434f-a2ee-3553f8500366,PTS00366,c31edde9-ac56-4120-a96e-5439e4700366,d024fdcf-96d3-465e-b13f-e157ac400366,95224332-5a6f-4c4d-84ef-2778fed00366,1960-09-01
341bba42-0e9d-434f-a2ee-3553f8500367,PTS00367,c31edde9-ac56-4120-a96e-5439e4700367,d024fdcf-96d3-465e-b13f-e157ac400367,95224332-5a6f-4c4d-84ef-2778fed00367,1960-09-02
341bba42-0e9d-434f-a2ee-3553f8500368,PTS00368,c31edde9-ac56-4120-a96e-5439e4700368,d024fdcf-96d3-465e-b13f-e157ac400368,95224332-5a6f-4c4d-84ef-2778fed00368,1960-09-03
341bba42-0e9d-434f-a2ee-3553f8500369,PTS00369,c31edde9-ac56-4120-a96e-5439e4700369,d024fdcf-96d3-465e-b13f-e157ac400369,95224332-5a6f-4c4d-84ef-2778fed00369,1960-09-04
341bba42-0e9d-434f-a2ee-3553f8500370,PTS00370,c31edde9-ac56-4120-a96e-5439e4700370,d024fdcf-96d3-465e-b13f-e157ac400370,95224332-5a6f-4c4d-84ef-2778fed00370,1960-09-05
341bba42-0e9d-434f-a2ee-3553f8500371,PTS00371,c31edde9-ac56-4120-a96e-5439e4700371,d024fdcf-96d3-465e-b13f-e157ac400371,95224332-5a6f-4c4d-84ef-2778fed00371,1960-09-06
341bba42-0e9d-434f-a2ee-3553f8500372,PTS00372,c31edde9-ac56-4120-a96e-5439e4700372,d024fdcf-96d3-465e-b13f-e157ac400372,95224332-5a6f-4c4d-84ef-2778fed00372,1960-09-07
341bba42-0e9d-434f-a2ee-3553f8500373,PTS00373,c31edde9-ac56-4120-a96e-5439e4700373,d024fdcf-96d3-465e-b13f-e157ac400373,95224332-5a6f-4c4d-84ef-2778fed00373,1960-09-08
341bba42-0e9d-434f-a2ee-3553f8500374,PTS00374,c31edde9-ac56-4120-a96e-5439e4700374,d024fdcf-96d3-465e-b13f-e157ac400374,95224332-5a6f-4c4d-84ef-2778fed00374,1960-09-09
341bba42-0e9d-434f-a2ee-3553f8500375,PTS00375,c31edde9-ac56-4120-a96e-5439e4700375,d024fdcf-96d3-465e-b13f-e157ac400375,95224332-5a6f-4c4d-84ef-2778fed00375,1960-09-10
341bba42-0e9d-434f-a2ee-3553f8500376,PTS00376,c31edde9-ac56-4120-a96e-5439e4700376,d024fdcf-96d3-465e-b13f-e157ac400376,95224332-5a6f-4c4d-84ef-2778fed00376,1960-09-11
341bba42-0e9d-434f-a2ee-3553f8500377,PTS00377,c31edde9-ac56-4120-a96e-5439e4700377,d024fdcf-96d3-465e-b13f-e157ac400377,95224332-5a6f-4c4d-84ef-2778fed00377,1960-09-12
341bba42-0e9d-434f-a2ee-3553f8500378,PTS00378,c31edde9-ac56-4120-a96e-5439e4700378,d024fdcf-96d3-465e-b13f-e157ac400378,95224332-5a6f-4c4d-84ef-2778fed00378,1960-09-13
341bba42-0e9d-434f-a2ee-3553f8500379,PTS00379,c31edde9-ac56-4120-a96e-5439e4700379,d024fdcf-96d3-465e-b13f-e157ac400379,95224332-5a6f-4c4d-84ef-2778fed00379,1960-09-14
341bba42-0e9d-434f-a2ee-3553f8500380,PTS00380,c31edde9-ac56-4120-a96e-5439e4700380,d024fdcf-96d3-465e-b13f-e157ac400380,95224332-5a6f-4c4d-84ef-2778fed00380,1960-09-15
341bba42-0e9d-434f-a2ee-3553f8500381,PTS00381,c31edde9-ac56-4120-a96e-5439e4700381,d024fdcf-96d3-465e-b13f-e157ac400381,95224332-5a6f-4c4d-84ef-2778fed00381,1960-09-16
341bba42-0e9d-434f-a2ee-3553f8500382,PTS00382,c31edde9-ac56-4120-a96e-5439e4700382,d024fdcf-96d3-465e-b13f-e157ac400382,95224332-5a6f-4c4d-84ef-2778fed00382,1960-09-17
341bba42-0e9d-434f-a2ee-3553f8500383,PTS00383,c31edde9-ac56-4120-a96e-5439e4700383,d024fdcf-96d3-465e-b13f-e157ac400383,95224332-5a6f-4c4d-84ef-2778fed00383,1960-09-18
341bba42-0e9d-434f-a2ee-3553f8500384,PTS00384,c31edde9-ac56-4120-a96e-5439e4700384,d024fdcf-96d3-465e-b13f-e157ac400384,95224332-5a6f-4c4d-84ef-2778fed00384,1960-09-19
341bba42-0e9d-434f-a2ee-3553f8500385,PTS00385,c31edde9-ac56-4120-a96e-5439e4700385,d024fdcf-96d3-465e-b13f-e157ac400385,95224332-5a6f-4c4d-84ef-2778fed00385,1960-09-20
341bba42-0e9d-434f-a2ee-3553f8500386,PTS00386,c31edde9-ac56-4120-a96e-5439e4700386,d024fdcf-96d3-465e-b13f-e157ac400386,95224332-5a6f-4c4d-84ef-2778fed00386,1960-09-21
341bba42-0e9d-434f-a2ee-3553f8500387,PTS00387,c31edde9-ac56-4120-a96e-5439e4700387,d024fdcf-96d3-465e-b13f-e157ac400387,95224332-5a6f-4c4d-84ef-2778fed00387,1960-09-22