AppID,RefNo,LifeID,DOB
d5d053c1-4b10-48ad-a6ef-a1ec22d00022,PTT00022,7d92a94a-bf2e-4597-a4b5-413c7fa00022,1980-03-24
d5d053c1-4b10-48ad-a6ef-a1ec22d00023,PTT00023,7d92a94a-bf2e-4597-a4b5-413c7fa00023,1980-03-25
d5d053c1-4b10-48ad-a6ef-a1ec22d00024,PTT00024,7d92a94a-bf2e-4597-a4b5-413c7fa00024,1980-03-26
d5d053c1-4b10-48ad-a6ef-a1ec22d00025,PTT00025,7d92a94a-bf2e-4597-a4b5-413c7fa00025,1980-03-27
d5d053c1-4b10-48ad-a6ef-a1ec22d00026,PTT00026,7d92a94a-bf2e-4597-a4b5-413c7fa00026,1980-03-28
d5d053c1-4b10-48ad-a6ef-a1ec22d00027,PTT00027,7d92a94a-bf2e-4597-a4b5-413c7fa00027,1980-03-29
d5d053c1-4b10-48ad-a6ef-a1ec22d00028,PTT00028,7d92a94a-bf2e-4597-a4b5-413c7fa00028,1980-03-30
d5d053c1-4b10-48ad-a6ef-a1ec22d00030,PTT00030,7d92a94a-bf2e-4597-a4b5-413c7fa00030,1980-04-01
d5d053c1-4b10-48ad-a6ef-a1ec22d00031,PTT00031,7d92a94a-bf2e-4597-a4b5-413c7fa00031,1980-04-02
d5d053c1-4b10-48ad-a6ef-a1ec22d00032,PTT00032,7d92a94a-bf2e-4597-a4b5-413c7fa00032,1980-04-03
d5d053c1-4b10-48ad-a6ef-a1ec22d00033,PTT00033,7d92a94a-bf2e-4597-a4b5-413c7fa00033,1980-04-04
d5d053c1-4b10-48ad-a6ef-a1ec22d00034,PTT00034,7d92a94a-bf2e-4597-a4b5-413c7fa00034,1980-04-05
d5d053c1-4b10-48ad-a6ef-a1ec22d00035,PTT00035,7d92a94a-bf2e-4597-a4b5-413c7fa00035,1980-04-06
d5d053c1-4b10-48ad-a6ef-a1ec22d00036,PTT00036,7d92a94a-bf2e-4597-a4b5-413c7fa00036,1980-04-07
d5d053c1-4b10-48ad-a6ef-a1ec22d00037,PTT00037,7d92a94a-bf2e-4597-a4b5-413c7fa00037,1980-04-08
d5d053c1-4b10-48ad-a6ef-a1ec22d00038,PTT00038,7d92a94a-bf2e-4597-a4b5-413c7fa00038,1980-04-09
d5d053c1-4b10-48ad-a6ef-a1ec22d00039,PTT00039,7d92a94a-bf2e-4597-a4b5-413c7fa00039,1980-04-10
d5d053c1-4b10-48ad-a6ef-a1ec22d00040,PTT00040,7d92a94a-bf2e-4597-a4b5-413c7fa00040,1980-04-11
d5d053c1-4b10-48ad-a6ef-a1ec22d00041,PTT00041,7d92a94a-bf2e-4597-a4b5-413c7fa00041,1980-04-12
d5d053c1-4b10-48ad-a6ef-a1ec22d00042,PTT00042,7d92a94a-bf2e-4597-a4b5-413c7fa00042,1980-04-13
d5d053c1-4b10-48ad-a6ef-a1ec22d00043,PTT00043,7d92a94a-bf2e-4597-a4b5-413c7fa00043,1980-04-14
d5d053c1-4b10-48ad-a6ef-a1ec22d00044,PTT00044,7d92a94a-bf2e-4597-a4b5-413c7fa00044,1980-04-15
d5d053c1-4b10-48ad-a6ef-a1ec22d00045,PTT00045,7d92a94a-bf2e-4597-a4b5-413c7fa00045,1980-04-16
d5d053c1-4b10-48ad-a6ef-a1ec22d00046,PTT00046,7d92a94a-bf2e-4597-a4b5-413c7fa00046,1980-04-17
d5d053c1-4b10-48ad-a6ef-a1ec22d00047,PTT00047,7d92a94a-bf2e-4597-a4b5-413c7fa00047,1980-04-18
d5d053c1-4b10-48ad-a6ef-a1ec22d00048,PTT00048,7d92a94a-bf2e-4597-a4b5-413c7fa00048,1980-04-19
d5d053c1-4b10-48ad-a6ef-a1ec22d00049,PTT00049,7d92a94a-bf2e-4597-a4b5-413c7fa00049,1980-04-20